#Release 14.7 - par P.20131013 (nt64)
#Copyright (c) 1995-2013 Xilinx, Inc.  All rights reserved.

#Sat Nov 26 22:51:46 2022

#
## NOTE: This file is designed to be imported into a spreadsheet program
# such as Microsoft Excel for viewing, printing and sorting. The |
# character is used as the data field separator. This file is also designed
# to support parsing.
#
#INPUT FILE:       FPU_map.ncd
#OUTPUT FILE:      FPU_pad.csv
#PART TYPE:        xc3s1600e
#SPEED GRADE:      -5
#PACKAGE:          fg320
#
# Pinout by Pin Number:
# 
# -----,-----,-----,-----,-----,-----,-----,-----,-----,-----,-----,-----,-----,-----,-----,
Pin Number,Signal Name,Pin Usage,Pin Name,Direction,IO Standard,IO Bank Number,Drive (mA),Slew Rate,Termination,IOB Delay,Voltage,Constraint,IO Register,Signal Integrity,
A1,,,GND,,,,,,,,,,,,
A2,,,TDI,,,,,,,,,,,,
A3,,IBUF,IP,UNUSED,,0,,,,,,,,,
A4,,DIFFM,IO_L24P_0,UNUSED,,0,,,,,,,,,
A5,,DIFFMI,IP_L22P_0,UNUSED,,0,,,,,,,,,
A6,,DIFFS,IO_L20N_0,UNUSED,,0,,,,,,,,,
A7,,IOB,IO,UNUSED,,0,,,,,,,,,
A8,,IOB,IO,UNUSED,,0,,,,,,,,,
A9,,,VCCO_0,,,0,,,,,any******,,,,
A10,,DIFFS,IO_L12N_0/GCLK7,UNUSED,,0,,,,,,,,,
A11,,IOB,IO,UNUSED,,0,,,,,,,,,
A12,,DIFFM,IO,UNUSED,,0,,,,,,,,,
A13,,DIFFM,IO_L05P_0,UNUSED,,0,,,,,,,,,
A14,,DIFFS,IO_L04N_0,UNUSED,,0,,,,,,,,,
A15,,DIFFSI,IP_L02N_0,UNUSED,,0,,,,,,,,,
A16,,DIFFS,IO_L01N_0,UNUSED,,0,,,,,,,,,
A17,,,TCK,,,,,,,,,,,,
A18,,,GND,,,,,,,,,,,,
B1,,,PROG_B,,,,,,,,,,,,
B2,,,GND,,,,,,,,,,,,
B3,,DIFFS,IO_L25N_0/HSWAP,UNUSED,,0,,,,,,,,,
B4,,DIFFS,IO_L24N_0,UNUSED,,0,,,,,,,,,
B5,,DIFFSI,IP_L22N_0,UNUSED,,0,,,,,,,,,
B6,,DIFFM,IO_L20P_0,UNUSED,,0,,,,,,,,,
B7,,,VCCAUX,,,,,,,,2.5,,,,
B8,,DIFFMI,IP_L13P_0/GCLK8,UNUSED,,0,,,,,,,,,
B9,,DIFFSI,IP_L13N_0/GCLK9,UNUSED,,0,,,,,,,,,
B10,,DIFFM,IO_L12P_0/GCLK6,UNUSED,,0,,,,,,,,,
B11,,IOB,IO/VREF_0,UNUSED,,0,,,,,,,,,
B12,,,VCCAUX,,,,,,,,2.5,,,,
B13,,DIFFS,IO_L05N_0/VREF_0,UNUSED,,0,,,,,,,,,
B14,,DIFFM,IO_L04P_0,UNUSED,,0,,,,,,,,,
B15,,DIFFMI,IP_L02P_0,UNUSED,,0,,,,,,,,,
B16,,DIFFM,IO_L01P_0,UNUSED,,0,,,,,,,,,
B17,,,GND,,,,,,,,,,,,
B18,,IBUF,IP,UNUSED,,1,,,,,,,,,
C1,input1<31>,IBUF,IO_L01P_3,INPUT,LVCMOS25*,3,,,,NONE,,LOCATED,NO,NONE,
C2,input1<17>,IBUF,IO_L01N_3,INPUT,LVCMOS25*,3,,,,NONE,,LOCATED,NO,NONE,
C3,,DIFFM,IO_L25P_0,UNUSED,,0,,,,,,,,,
C4,,IOB,IO,UNUSED,,0,,,,,,,,,
C5,,DIFFM,IO_L23P_0,UNUSED,,0,,,,,,,,,
C6,,,VCCO_0,,,0,,,,,any******,,,,
C7,,DIFFM,IO_L18P_0,UNUSED,,0,,,,,,,,,
C8,,DIFFMI,IP_L16P_0,UNUSED,,0,,,,,,,,,
C9,,DIFFM,IO_L14P_0/GCLK10,UNUSED,,0,,,,,,,,,
C10,,,GND,,,,,,,,,,,,
C11,,DIFFM,IO_L09P_0,UNUSED,,0,,,,,,,,,
C12,,DIFFMI,IP_L07P_0,UNUSED,,0,,,,,,,,,
C13,,,VCCO_0,,,0,,,,,any******,,,,
C14,,DIFFS,IO_L03N_0/VREF_0,UNUSED,,0,,,,,,,,,
C15,,IBUF,IP,UNUSED,,0,,,,,,,,,
C16,,,TDO,,,,,,,,,,,,
C17,output<13>,IOB,IO_L24N_1/LDC2,OUTPUT,LVCMOS25*,1,12,SLOW,NONE**,,,LOCATED,NO,NONE,
C18,output<19>,IOB,IO_L24P_1/LDC1,OUTPUT,LVCMOS25*,1,12,SLOW,NONE**,,,LOCATED,NO,NONE,
D1,input1<30>,IBUF,IO_L02P_3,INPUT,LVCMOS25*,3,,,,NONE,,LOCATED,NO,NONE,
D2,input1<16>,IBUF,IO_L02N_3/VREF_3,INPUT,LVCMOS25*,3,,,,NONE,,LOCATED,NO,NONE,
D3,input1<5>,IBUF,IP,INPUT,LVCMOS25*,3,,,,NONE,,LOCATED,NO,NONE,
D4,,DIFFS,IO,UNUSED,,3,,,,,,,,,
D5,,DIFFS,IO_L23N_0/VREF_0,UNUSED,,0,,,,,,,,,
D6,,DIFFM,IO_L21P_0,UNUSED,,0,,,,,,,,,
D7,,DIFFS,IO_L18N_0/VREF_0,UNUSED,,0,,,,,,,,,
D8,,DIFFSI,IP_L16N_0,UNUSED,,0,,,,,,,,,
D9,,DIFFS,IO_L14N_0/GCLK11,UNUSED,,0,,,,,,,,,
D10,,DIFFM,IO_L11P_0/GCLK4,UNUSED,,0,,,,,,,,,
D11,,DIFFS,IO_L09N_0,UNUSED,,0,,,,,,,,,
D12,,DIFFSI,IP_L07N_0,UNUSED,,0,,,,,,,,,
D13,,IOB,IO,UNUSED,,0,,,,,,,,,
D14,,DIFFM,IO_L03P_0,UNUSED,,0,,,,,,,,,
D15,,,TMS,,,,,,,,,,,,
D16,output<14>,IOB,IO_L23N_1/LDC0,OUTPUT,LVCMOS25*,1,12,SLOW,NONE**,,,LOCATED,NO,NONE,
D17,output<20>,IOB,IO_L23P_1/HDC,OUTPUT,LVCMOS25*,1,12,SLOW,NONE**,,,LOCATED,NO,NONE,
D18,,IBUF,IP/VREF_1,UNUSED,,1,,,,,,,,,
E1,input1<29>,IBUF,IO_L03N_3,INPUT,LVCMOS25*,3,,,,NONE,,LOCATED,NO,NONE,
E2,input1<15>,IBUF,IO_L03P_3,INPUT,LVCMOS25*,3,,,,NONE,,LOCATED,NO,NONE,
E3,input1<4>,IBUF,IO_L04N_3,INPUT,LVCMOS25*,3,,,,NONE,,LOCATED,NO,NONE,
E4,,DIFFM,IO_L04P_3,UNUSED,,3,,,,,,,,,
E5,,,VCCINT,,,,,,,,1.2,,,,
E6,,DIFFS,IO_L21N_0,UNUSED,,0,,,,,,,,,
E7,,DIFFS,IO_L19N_0/VREF_0,UNUSED,,0,,,,,,,,,
E8,,DIFFM,IO_L17P_0,UNUSED,,0,,,,,,,,,
E9,,DIFFM,IO_L15P_0,UNUSED,,0,,,,,,,,,
E10,,DIFFS,IO_L11N_0/GCLK5,UNUSED,,0,,,,,,,,,
E11,,DIFFM,IO_L08P_0,UNUSED,,0,,,,,,,,,
E12,,DIFFS,IO_L06N_0,UNUSED,,0,,,,,,,,,
E13,,IOB,IO,UNUSED,,0,,,,,,,,,
E14,,,VCCINT,,,,,,,,1.2,,,,
E15,output<12>,IOB,IO_L22P_1,OUTPUT,LVCMOS25*,1,12,SLOW,NONE**,,,LOCATED,NO,NONE,
E16,output<15>,IOB,IO_L22N_1,OUTPUT,LVCMOS25*,1,12,SLOW,NONE**,,,LOCATED,NO,NONE,
E17,,IBUF,IP,UNUSED,,1,,,,,,,,,
E18,,IBUF,IP,UNUSED,,1,,,,,,,,,
F1,input1<28>,IBUF,IO_L05P_3,INPUT,LVCMOS25*,3,,,,NONE,,LOCATED,NO,NONE,
F2,input1<14>,IBUF,IO_L05N_3,INPUT,LVCMOS25*,3,,,,NONE,,LOCATED,NO,NONE,
F3,,,VCCO_3,,,3,,,,,2.50,,,,
F4,,IBUF,IP,UNUSED,,3,,,,,,,,,
F5,,IBUF,IP,UNUSED,,3,,,,,,,,,
F6,,,VCCINT,,,,,,,,1.2,,,,
F7,,DIFFM,IO_L19P_0,UNUSED,,0,,,,,,,,,
F8,,DIFFS,IO_L17N_0,UNUSED,,0,,,,,,,,,
F9,,DIFFS,IO_L15N_0,UNUSED,,0,,,,,,,,,
F10,,DIFFMI,IP_L10P_0,UNUSED,,0,,,,,,,,,
F11,,DIFFS,IO_L08N_0,UNUSED,,0,,,,,,,,,
F12,,DIFFM,IO_L06P_0,UNUSED,,0,,,,,,,,,
F13,,,VCCINT,,,,,,,,1.2,,,,
F14,,DIFFS,IO_L21N_1,UNUSED,,1,,,,,,,,,
F15,output<11>,IOB,IO_L21P_1,OUTPUT,LVCMOS25*,1,12,SLOW,NONE**,,,LOCATED,NO,NONE,
F16,,,VCCO_1,,,1,,,,,2.50,,,,
F17,output<21>,IOB,IO_L19N_1,OUTPUT,LVCMOS25*,1,12,SLOW,NONE**,,,LOCATED,NO,NONE,
F18,output<22>,IOB,IO_L19P_1,OUTPUT,LVCMOS25*,1,12,SLOW,NONE**,,,LOCATED,NO,NONE,
G1,input1<27>,IBUF,IP,INPUT,LVCMOS25*,3,,,,NONE,,LOCATED,NO,NONE,
G2,,,VCCAUX,,,,,,,,2.5,,,,
G3,input1<3>,IBUF,IO_L06P_3,INPUT,LVCMOS25*,3,,,,NONE,,LOCATED,NO,NONE,
G4,,DIFFS,IO_L06N_3/VREF_3,UNUSED,,3,,,,,,,,,
G5,,DIFFS,IO_L07N_3,UNUSED,,3,,,,,,,,,
G6,,DIFFM,IO_L07P_3,UNUSED,,3,,,,,,,,,
G7,,,GND,,,,,,,,,,,,
G8,,,VCCO_0,,,0,,,,,any******,,,,
G9,,IOB,IO,UNUSED,,0,,,,,,,,,
G10,,DIFFSI,IP_L10N_0,UNUSED,,0,,,,,,,,,
G11,,,VCCO_0,,,0,,,,,any******,,,,
G12,,,GND,,,,,,,,,,,,
G13,,DIFFS,IO_L20N_1,UNUSED,,1,,,,,,,,,
G14,,DIFFM,IO_L20P_1,UNUSED,,1,,,,,,,,,
G15,output<10>,IOB,IO_L18P_1,OUTPUT,LVCMOS25*,1,12,SLOW,NONE**,,,LOCATED,NO,NONE,
G16,,DIFFS,IO_L18N_1,UNUSED,,1,,,,,,,,,
G17,,,VCCAUX,,,,,,,,2.5,,,,
G18,,IBUF,IP,UNUSED,,1,,,,,,,,,
H1,input1<26>,IBUF,IO_L10N_3,INPUT,LVCMOS25*,3,,,,NONE,,LOCATED,NO,NONE,
H2,input1<13>,IBUF,IO_L10P_3,INPUT,LVCMOS25*,3,,,,NONE,,LOCATED,NO,NONE,
H3,input1<2>,IBUF,IO_L09N_3,INPUT,LVCMOS25*,3,,,,NONE,,LOCATED,NO,NONE,
H4,,DIFFM,IO_L09P_3,UNUSED,,3,,,,,,,,,
H5,,DIFFS,IO_L08N_3,UNUSED,,3,,,,,,,,,
H6,,DIFFM,IO_L08P_3,UNUSED,,3,,,,,,,,,
H7,,,VCCO_3,,,3,,,,,2.50,,,,
H8,,,GND,,,,,,,,,,,,
H9,,,GND,,,,,,,,,,,,
H10,,,GND,,,,,,,,,,,,
H11,,,GND,,,,,,,,,,,,
H12,,,VCCO_1,,,1,,,,,2.50,,,,
H13,,IBUF,IP,UNUSED,,1,,,,,,,,,
H14,,DIFFM,IO_L17P_1,UNUSED,,1,,,,,,,,,
H15,output<9>,IOB,IO_L17N_1,OUTPUT,LVCMOS25*,1,12,SLOW,NONE**,,,LOCATED,NO,NONE,
H16,output<6>,IOB,IO_L16P_1,OUTPUT,LVCMOS25*,1,12,SLOW,NONE**,,,LOCATED,NO,NONE,
H17,output<18>,IOB,IO_L16N_1/A0,OUTPUT,LVCMOS25*,1,12,SLOW,NONE**,,,LOCATED,NO,NONE,
H18,,IBUF,IP/VREF_1,UNUSED,,1,,,,,,,,,
J1,input1<25>,IBUF,IO_L12P_3/LHCLK2,INPUT,LVCMOS25*,3,,,,NONE,,LOCATED,NO,NONE,
J2,input1<11>,IBUF,IO_L12N_3/LHCLK3/IRDY2,INPUT,LVCMOS25*,3,,,,NONE,,LOCATED,NO,NONE,
J3,,,GND,,,,,,,,,,,,
J4,,DIFFS,IO_L11N_3/LHCLK1,UNUSED,,3,,,,,,,,,
J5,,DIFFM,IO_L11P_3/LHCLK0,UNUSED,,3,,,,,,,,,
J6,,IBUF,IP/VREF_3,UNUSED,,3,,,,,,,,,
J7,,IBUF,IP,UNUSED,,3,,,,,,,,,
J8,,,GND,,,,,,,,,,,,
J11,,,GND,,,,,,,,,,,,
J12,,DIFFM,IO_L15P_1/A2,UNUSED,,1,,,,,,,,,
J13,,DIFFS,IO_L15N_1/A1,UNUSED,,1,,,,,,,,,
J14,,DIFFS,IO_L14N_1/A3/RHCLK7,UNUSED,,1,,,,,,,,,
J15,output<8>,IOB,IO_L14P_1/A4/RHCLK6,OUTPUT,LVCMOS25*,1,12,SLOW,NONE**,,,LOCATED,NO,NONE,
J16,output<17>,IOB,IO_L13N_1/A5/RHCLK5,OUTPUT,LVCMOS25*,1,12,SLOW,NONE**,,,LOCATED,NO,NONE,
J17,output<24>,IOB,IO_L13P_1/A6/RHCLK4/IRDY1,OUTPUT,LVCMOS25*,1,12,SLOW,NONE**,,,LOCATED,NO,NONE,
J18,,,VCCO_1,,,1,,,,,2.50,,,,
K1,,,VCCO_3,,,3,,,,,2.50,,,,
K2,input1<12>,IBUF,IP,INPUT,LVCMOS25*,3,,,,NONE,,LOCATED,NO,NONE,
K3,input1<1>,IBUF,IO_L13P_3/LHCLK4/TRDY2,INPUT,LVCMOS25*,3,,,,NONE,,LOCATED,NO,NONE,
K4,,DIFFS,IO_L13N_3/LHCLK5,UNUSED,,3,,,,,,,,,
K5,,DIFFS,IO_L14N_3/LHCLK7,UNUSED,,3,,,,,,,,,
K6,,DIFFM,IO_L14P_3/LHCLK6,UNUSED,,3,,,,,,,,,
K7,,IBUF,IP,UNUSED,,3,,,,,,,,,
K8,,,GND,,,,,,,,,,,,
K11,,,GND,,,,,,,,,,,,
K12,,DIFFS,IO_L11N_1/A9/RHCLK1,UNUSED,,1,,,,,,,,,
K13,,DIFFM,IO_L11P_1/A10/RHCLK0,UNUSED,,1,,,,,,,,,
K14,,DIFFS,IO_L12N_1/A7/RHCLK3/TRDY1,UNUSED,,1,,,,,,,,,
K15,output<7>,IOB,IO_L12P_1/A8/RHCLK2,OUTPUT,LVCMOS25*,1,12,SLOW,NONE**,,,LOCATED,NO,NONE,
K16,,,GND,,,,,,,,,,,,
K17,,IBUF,IP,UNUSED,,1,,,,,,,,,
K18,,IBUF,IP,UNUSED,,1,,,,,,,,,
L1,input1<24>,IBUF,IO_L15P_3,INPUT,LVCMOS25*,3,,,,NONE,,LOCATED,NO,NONE,
L2,input1<10>,IBUF,IO_L15N_3,INPUT,LVCMOS25*,3,,,,NONE,,LOCATED,NO,NONE,
L3,input1<0>,IBUF,IO_L16P_3,INPUT,LVCMOS25*,3,,,,NONE,,LOCATED,NO,NONE,
L4,,DIFFS,IO_L16N_3,UNUSED,,3,,,,,,,,,
L5,,DIFFS,IO_L17N_3/VREF_3,UNUSED,,3,,,,,,,,,
L6,,DIFFM,IO_L17P_3,UNUSED,,3,,,,,,,,,
L7,,,VCCO_3,,,3,,,,,2.50,,,,
L8,,,GND,,,,,,,,,,,,
L9,,,GND,,,,,,,,,,,,
L10,,,GND,,,,,,,,,,,,
L11,,,GND,,,,,,,,,,,,
L12,,,VCCO_1,,,1,,,,,2.50,,,,
L13,,IBUF,IP,UNUSED,,1,,,,,,,,,
L14,,IBUF,IP,UNUSED,,1,,,,,,,,,
L15,output<5>,IOB,IO_L09N_1/A11,OUTPUT,LVCMOS25*,1,12,SLOW,NONE**,,,LOCATED,NO,NONE,
L16,output<16>,IOB,IO_L09P_1/A12,OUTPUT,LVCMOS25*,1,12,SLOW,NONE**,,,LOCATED,NO,NONE,
L17,output<23>,IOB,IO_L10N_1/VREF_1,OUTPUT,LVCMOS25*,1,12,SLOW,NONE**,,,LOCATED,NO,NONE,
L18,output<25>,IOB,IO_L10P_1,OUTPUT,LVCMOS25*,1,12,SLOW,NONE**,,,LOCATED,NO,NONE,
M1,input1<23>,IBUF,IP,INPUT,LVCMOS25*,3,,,,NONE,,LOCATED,NO,NONE,
M2,,,VCCAUX,,,,,,,,2.5,,,,
M3,,DIFFS,IO_L18N_3,UNUSED,,3,,,,,,,,,
M4,,DIFFM,IO_L18P_3,UNUSED,,3,,,,,,,,,
M5,,DIFFM,IO_L19P_3,UNUSED,,3,,,,,,,,,
M6,,DIFFS,IO_L19N_3,UNUSED,,3,,,,,,,,,
M7,,,GND,,,,,,,,,,,,
M8,,,VCCO_2,,,2,,,,,2.50,,,,
M9,,DIFFS,IO_L12N_2/D6/GCLK13,UNUSED,,2,,,,,,,,,
M10,,DIFFM,IO_L16P_2/M0,UNUSED,,2,,,,,,,,,
M11,,,VCCO_2,,,2,,,,,2.50,,,,
M12,,,GND,,,,,,,,,,,,
M13,,DIFFS,IO_L05N_1/VREF_1,UNUSED,,1,,,,,,,,,
M14,,DIFFM,IO_L05P_1,UNUSED,,1,,,,,,,,,
M15,output<3>,IOB,IO_L07P_1,OUTPUT,LVCMOS25*,1,12,SLOW,NONE**,,,LOCATED,NO,NONE,
M16,output<4>,IOB,IO_L07N_1,OUTPUT,LVCMOS25*,1,12,SLOW,NONE**,,,LOCATED,NO,NONE,
M17,,,VCCAUX,,,,,,,,2.5,,,,
M18,output<26>,IOB,IO_L08N_1,OUTPUT,LVCMOS25*,1,12,SLOW,NONE**,,,LOCATED,NO,NONE,
N1,input1<22>,IBUF,IP,INPUT,LVCMOS25*,3,,,,NONE,,LOCATED,NO,NONE,
N2,input1<9>,IBUF,IP,INPUT,LVCMOS25*,3,,,,NONE,,LOCATED,NO,NONE,
N3,,,VCCO_3,,,3,,,,,2.50,,,,
N4,,DIFFM,IO_L20P_3,UNUSED,,3,,,,,,,,,
N5,,DIFFS,IO_L20N_3,UNUSED,,3,,,,,,,,,
N6,,,VCCINT,,,,,,,,1.2,,,,
N7,,DIFFM,IO_L07P_2,UNUSED,,2,,,,,,,,,
N8,,DIFFS,IO_L09N_2,UNUSED,,2,,,,,,,,,
N9,,DIFFM,IO_L12P_2/D7/GCLK12,UNUSED,,2,,,,,,,,,
N10,,DIFFS,IO_L16N_2/DIN/D0,UNUSED,,2,,,,,,,,,
N11,,DIFFS,IO_L18N_2,UNUSED,,2,,,,,,,,,
N12,,DIFFM,IO_L21P_2,UNUSED,,2,,,,,,,,,
N13,,,VCCINT,,,,,,,,1.2,,,,
N14,,DIFFS,IO_L04N_1,UNUSED,,1,,,,,,,,,
N15,output<1>,IOB,IO_L04P_1,OUTPUT,LVCMOS25*,1,12,SLOW,NONE**,,,LOCATED,NO,NONE,
N16,,,VCCO_1,,,1,,,,,2.50,,,,
N17,,IBUF,IP,UNUSED,,1,,,,,,,,,
N18,output<27>,IOB,IO_L08P_1,OUTPUT,LVCMOS25*,1,12,SLOW,NONE**,,,LOCATED,NO,NONE,
P1,input1<21>,IBUF,IO_L21N_3,INPUT,LVCMOS25*,3,,,,NONE,,LOCATED,NO,NONE,
P2,input1<8>,IBUF,IO_L21P_3,INPUT,LVCMOS25*,3,,,,NONE,,LOCATED,NO,NONE,
P3,,DIFFM,IO_L22P_3,UNUSED,,3,,,,,,,,,
P4,,DIFFS,IO_L22N_3,UNUSED,,3,,,,,,,,,
P5,,,VCCINT,,,,,,,,1.2,,,,
P6,,DIFFS,IO_L05N_2,UNUSED,,2,,,,,,,,,
P7,,DIFFS,IO_L07N_2,UNUSED,,2,,,,,,,,,
P8,,DIFFM,IO_L09P_2,UNUSED,,2,,,,,,,,,
P9,,IOB,IO,UNUSED,,2,,,,,,,,,
P10,,DIFFS,IO_L15N_2/D1/GCLK3,UNUSED,,2,,,,,,,,,
P11,,DIFFM,IO_L18P_2,UNUSED,,2,,,,,,,,,
P12,,DIFFS,IO_L21N_2,UNUSED,,2,,,,,,,,,
P13,,DIFFM,IO_L22P_2/A23,UNUSED,,2,,,,,,,,,
P14,,,VCCINT,,,,,,,,1.2,,,,
P15,,IBUF,IP,UNUSED,,1,,,,,,,,,
P16,,DIFFS,IO,UNUSED,,1,,,,,,,,,
P17,output<2>,IOB,IO_L06P_1,OUTPUT,LVCMOS25*,1,12,SLOW,NONE**,,,LOCATED,NO,NONE,
P18,output<28>,IOB,IO_L06N_1,OUTPUT,LVCMOS25*,1,12,SLOW,NONE**,,,LOCATED,NO,NONE,
R1,input1<20>,IBUF,IP,INPUT,LVCMOS25*,3,,,,NONE,,LOCATED,NO,NONE,
R2,input1<7>,IBUF,IO_L23N_3,INPUT,LVCMOS25*,3,,,,NONE,,LOCATED,NO,NONE,
R3,,DIFFM,IO_L23P_3,UNUSED,,3,,,,,,,,,
R4,,IBUF,IP/VREF_3,UNUSED,,3,,,,,,,,,
R5,input2<1>,IBUF,IO_L04P_2,INPUT,LVCMOS25*,2,,,,NONE,,LOCATED,NO,NONE,
R6,input2<0>,IBUF,IO_L05P_2,INPUT,LVCMOS25*,2,,,,NONE,,LOCATED,NO,NONE,
R7,,DIFFSI,IP_L08N_2,UNUSED,,2,,,,,,,,,
R8,,DIFFM,IO_L10P_2,UNUSED,,2,,,,,,,,,
R9,,IOB,IO/D5,UNUSED,,2,,,,,,,,,
R10,,DIFFM,IO_L15P_2/D2/GCLK2,UNUSED,,2,,,,,,,,,
R11,,IOB,IO,UNUSED,,2,,,,,,,,,
R12,,DIFFS,IO_L20N_2,UNUSED,,2,,,,,,,,,
R13,,DIFFS,IO_L22N_2/A22,UNUSED,,2,,,,,,,,,
R14,,DIFFS,IO_L24N_2/A20,UNUSED,,2,,,,,,,,,
R15,output<0>,IOB,IO_L03P_1,OUTPUT,LVCMOS25*,1,12,SLOW,NONE**,,,LOCATED,NO,NONE,
R16,,DIFFS,IO_L03N_1/VREF_1,UNUSED,,1,,,,,,,,,
R17,,IBUF,IP,UNUSED,,1,,,,,,,,,
R18,output<29>,IOB,IO_L02P_1/A14,OUTPUT,LVCMOS25*,1,12,SLOW,NONE**,,,LOCATED,NO,NONE,
T1,input1<19>,IBUF,IO_L24N_3,INPUT,LVCMOS25*,3,,,,NONE,,LOCATED,NO,NONE,
T2,input1<6>,IBUF,IO_L24P_3,INPUT,LVCMOS25*,3,,,,NONE,,LOCATED,NO,NONE,
T3,input2<10>,IBUF,IO_L01N_2/INIT_B,INPUT,LVCMOS25*,2,,,,NONE,,LOCATED,NO,NONE,
T4,input2<9>,IBUF,IO_L03N_2/MOSI/CSI_B,INPUT,LVCMOS25*,2,,,,NONE,,LOCATED,NO,NONE,
T5,input2<8>,IBUF,IO_L04N_2,INPUT,LVCMOS25*,2,,,,NONE,,LOCATED,NO,NONE,
T6,,,VCCO_2,,,2,,,,,2.50,,,,
T7,input2<7>,IBUF,IP_L08P_2,INPUT,LVCMOS25*,2,,,,NONE,,LOCATED,NO,NONE,
T8,input2<6>,IBUF,IO_L10N_2,INPUT,LVCMOS25*,2,,,,NONE,,LOCATED,NO,NONE,
T9,,,GND,,,,,,,,,,,,
T10,input2<5>,IBUF,IP_L14N_2/M2/GCLK1,INPUT,LVCMOS25*,2,,,,NONE,,LOCATED,NO,NONE,
T11,input2<4>,IBUF,IP_L17P_2,INPUT,LVCMOS25*,2,,,,NONE,,LOCATED,NO,NONE,
T12,input2<3>,IBUF,IO_L20P_2,INPUT,LVCMOS25*,2,,,,NONE,,LOCATED,NO,NONE,
T13,,,VCCO_2,,,2,,,,,2.50,,,,
T14,input2<2>,IBUF,IO_L24P_2/A21,INPUT,LVCMOS25*,2,,,,NONE,,LOCATED,NO,NONE,
T15,,IOB,IO/VREF_2,UNUSED,,2,,,,,,,,,
T16,,DIFFM,IO_L26P_2/VS0/A17,UNUSED,,2,,,,,,,,,
T17,,DIFFS,IO_L01N_1/A15,UNUSED,,1,,,,,,,,,
T18,output<30>,IOB,IO_L02N_1/A13,OUTPUT,LVCMOS25*,1,12,SLOW,NONE**,,,LOCATED,NO,NONE,
U1,input1<18>,IBUF,IP,INPUT,LVCMOS25*,3,,,,NONE,,LOCATED,NO,NONE,
U2,,,GND,,,,,,,,,,,,
U3,input2<20>,IBUF,IO_L01P_2/CSO_B,INPUT,LVCMOS25*,2,,,,NONE,,LOCATED,NO,NONE,
U4,input2<19>,IBUF,IO_L03P_2/DOUT/BUSY,INPUT,LVCMOS25*,2,,,,NONE,,LOCATED,NO,NONE,
U5,,IOB,IO/VREF_2,UNUSED,,2,,,,,,,,,
U6,input2<18>,IBUF,IO,INPUT,LVCMOS25*,2,,,,NONE,,LOCATED,NO,NONE,
U7,,,VCCAUX,,,,,,,,2.5,,,,
U8,input2<17>,IBUF,IP_L11P_2,INPUT,LVCMOS25*,2,,,,NONE,,LOCATED,NO,NONE,
U9,input2<16>,IBUF,IO_L13P_2/D4/GCLK14,INPUT,LVCMOS25*,2,,,,NONE,,LOCATED,NO,NONE,
U10,input2<15>,IBUF,IP_L14P_2/RDWR_B/GCLK0,INPUT,LVCMOS25*,2,,,,NONE,,LOCATED,NO,NONE,
U11,input2<14>,IBUF,IP_L17N_2,INPUT,LVCMOS25*,2,,,,NONE,,LOCATED,NO,NONE,
U12,,,VCCAUX,,,,,,,,2.5,,,,
U13,input2<13>,IBUF,IO,INPUT,LVCMOS25*,2,,,,NONE,,LOCATED,NO,NONE,
U14,input2<12>,IBUF,IP_L23N_2,INPUT,LVCMOS25*,2,,,,NONE,,LOCATED,NO,NONE,
U15,input2<11>,IBUF,IO_L25N_2/VS1/A18,INPUT,LVCMOS25*,2,,,,NONE,,LOCATED,NO,NONE,
U16,,DIFFS,IO_L26N_2/CCLK,UNUSED,,2,,,,,,,,,
U17,,,GND,,,,,,,,,,,,
U18,output<31>,IOB,IO_L01P_1/A16,OUTPUT,LVCMOS25*,1,12,SLOW,NONE**,,,LOCATED,NO,NONE,
V1,,,GND,,,,,,,,,,,,
V2,input2<31>,IBUF,IP,INPUT,LVCMOS25*,2,,,,NONE,,LOCATED,NO,NONE,
V3,input2<30>,IBUF,IP_L02N_2,INPUT,LVCMOS25*,2,,,,NONE,,LOCATED,NO,NONE,
V4,input2<29>,IBUF,IP_L02P_2,INPUT,LVCMOS25*,2,,,,NONE,,LOCATED,NO,NONE,
V5,input2<28>,IBUF,IO_L06P_2,INPUT,LVCMOS25*,2,,,,NONE,,LOCATED,NO,NONE,
V6,,DIFFS,IO_L06N_2/VREF_2,UNUSED,,2,,,,,,,,,
V7,input2<27>,IBUF,IO,INPUT,LVCMOS25*,2,,,,NONE,,LOCATED,NO,NONE,
V8,,DIFFSI,IP_L11N_2/VREF_2,UNUSED,,2,,,,,,,,,
V9,input2<26>,IBUF,IO_L13N_2/D3/GCLK15,INPUT,LVCMOS25*,2,,,,NONE,,LOCATED,NO,NONE,
V10,,,VCCO_2,,,2,,,,,2.50,,,,
V11,input2<25>,IBUF,IO/M1,INPUT,LVCMOS25*,2,,,,NONE,,LOCATED,NO,NONE,
V12,input2<24>,IBUF,IO_L19P_2,INPUT,LVCMOS25*,2,,,,NONE,,LOCATED,NO,NONE,
V13,,DIFFS,IO_L19N_2/VREF_2,UNUSED,,2,,,,,,,,,
V14,input2<23>,IBUF,IP_L23P_2,INPUT,LVCMOS25*,2,,,,NONE,,LOCATED,NO,NONE,
V15,input2<22>,IBUF,IO_L25P_2/VS2/A19,INPUT,LVCMOS25*,2,,,,NONE,,LOCATED,NO,NONE,
V16,input2<21>,IBUF,IP,INPUT,LVCMOS25*,2,,,,NONE,,LOCATED,NO,NONE,
V17,,,DONE,,,,,,,,,,,,
V18,,,GND,,,,,,,,,,,,

# -----,-----,-----,-----,-----,-----,-----,-----,-----,-----,-----,-----,-----,-----,-----,
# 
#* Default value.
#** This default Pullup/Pulldown value can be overridden in Bitgen. 
#****** Special VCCO requirements may apply. Please consult the device 
#       family datasheet for specific guideline on VCCO requirements. 
#
#
#